source_marketplace,category,subcategory_or_subtype,part_name,listing_title,brand_or_seller,estimated_price_usd,pack_qty,asin,direct_url,esp32_voltage,current_or_power_notes,why_include,exclusion_flags,visual_status,verification_status,last_checked_yyyy_mm_dd,factory_presoldered_male_pins_verified,exact_qualifying_variant,visual_pass_evidence,pin_source_evidence,source_metadata_file,visual_gate_file,source_confidence,lipo_jst_charger_notes,source_loop,source_file,source_row,join_source,reconciliation_note
Amazon,dev_board,Seeed Studio XIAO ESP32S3 (Pre-Soldered),Seeed Studio XIAO ESP32S3 (Pre-Soldered),Seeed Studio XIAO ESP32S3 (Pre-Soldered),Seeed Studio Official,,1,B0DRNVH8MQ,https://www.amazon.com/Seeed-Studio-XIAO-ESP32S3-Pre-Soldered/dp/B0DRNVH8MQ,"ESP32-S3, Wi-Fi/BLE 5.0, USB-C, battery charging, 3.3V GPIO.",Tiny board; confirm header pitch and any antenna/U.FL requirement before enclosure fit.,Visually PASSed exact factory-soldered male-header variant from boards_displays_verified.csv.,,visual_PASS,visual_PASS_factory_presoldered_male_pins_verified,2026-08-21,yes,Seeed Studio XIAO ESP32S3 (Pre-Soldered),Product image clearly shows the XIAO board with male header pins visibly soldered along the edge. | Main image shows the board with male header pins visibly soldered in; selected size is Pre-Soldered and color is ESP32S3.,Title says Pre-Soldered; seller line shows Seeed Studio Official.,boards_displays_verified.csv,boards_displays_amazon_visual.csv,high,,pin-audit,boards_displays_verified.csv,,existing_final_visual_verified_catalog,existing 18-row verified catalog retained
Amazon,dev_board,Seeed Studio XIAO ESP32C6 (Pre-Soldered),Seeed Studio XIAO ESP32C6 (Pre-Soldered),Seeed Studio XIAO ESP32C6 (Pre-Soldered),Seeed Studio Official,,1,B0DRNW9LJM,https://www.amazon.com/Seeed-Studio-XIAO-ESP32C6-Pre-Soldered/dp/B0DRNW9LJM,"ESP32-C6, Wi-Fi 6/BLE/Thread/Zigbee, 3.3V GPIO.",Confirm 3.3V I/O and radio variant fit; tiny-board headers only.,Visually PASSed exact factory-soldered male-header variant from boards_displays_verified.csv.,,visual_PASS,visual_PASS_factory_presoldered_male_pins_verified,2026-08-21,yes,Pre-Soldered / B0DRNW9LJM,Screenshot shows the selected Pre-Soldered variant and the male header pins are visibly protruding from the board edges.,Title says Pre-Soldered; seller line shows Seeed Studio Official.,boards_displays_verified.csv,power_inputs_amazon_visual.csv,high,No separate LiPo note.,pin-audit,boards_displays_verified.csv,,existing_final_visual_verified_catalog,existing 18-row verified catalog retained
Amazon,dev_board,"Seeed Studio XIAO ESP32 (ESP32C5, Pre-Soldered)","Seeed Studio XIAO ESP32 (ESP32C5, Pre-Soldered)","Seeed Studio XIAO ESP32 (ESP32C5, Pre-Soldered)",Seeed Studio Official / Amazon Fulfillment,$13.99,1,B0GWPZR8C6,https://www.amazon.com/Seeed-Studio-ESP32-ESP32C5-Pre-Soldered/dp/B0GWPZR8C6,"ESP32-C5, Wi-Fi/BLE, 3.3V GPIO.",C5 is a different family than S3/C6; confirm firmware/library support before design-in.,Visually PASSed exact factory-soldered male-header variant from boards_displays_verified.csv.,,visual_PASS,visual_PASS_factory_presoldered_male_pins_verified,2026-08-21,yes,"Seeed Studio XIAO ESP32 (ESP32C5, Pre-Soldered)",Product image clearly shows the XIAO board with male header pins visibly soldered along the edge.,Search result shows the item and the price; title includes Pre-Soldered and snippet says sold by Seeed Studio Official.,boards_displays_verified.csv,boards_displays_amazon_visual.csv,high,,pin-audit,boards_displays_verified.csv,,existing_final_visual_verified_catalog,existing 18-row verified catalog retained
Amazon,dev_board,AOICRIE 4pcs ESP32 ESP32-C3 Mini Development Board Pre-Soldered,AOICRIE 4pcs ESP32 ESP32-C3 Mini Development Board Pre-Soldered,AOICRIE 4pcs ESP32 ESP32-C3 Mini Development Board Pre-Soldered ESP32 C3 Supermini WiFi Bluetooth Module 160MHz Running Frequency 2.4GHz Wi-Fi & Bluetooth 5.0 for MicroPython,Aoicrie,,1,B0DD3ZB5XV,https://www.amazon.com/AOICRIE-Development-Pre-Soldered-Supermini-MicroPython/dp/B0DD3ZB5XV,"ESP32-C3 mini board, 2.4GHz Wi-Fi/Bluetooth, 3.3V logic.",Mini boards are easy to misread; verify exact pin map and header orientation before ordering.,Visually PASSed exact factory-soldered male-header variant from boards_displays_verified.csv.,,visual_PASS,visual_PASS_factory_presoldered_male_pins_verified,2026-08-21,yes,AOICRIE 4pcs ESP32 ESP32-C3 Mini Development Board Pre-Soldered,Product image shows the mini board with a full row of male pins already soldered into place.,Title says Pre-Soldered; seller line shows Aoicrie.,boards_displays_verified.csv,boards_displays_amazon_visual.csv,high,,pin-audit,boards_displays_verified.csv,,existing_final_visual_verified_catalog,existing 18-row verified catalog retained
Amazon,temperature_pressure,BMP280,BMP280,"SHILLEHTEK PRE-SOLDERED BMP280 3.3V I2C IIC Digital Atmospheric Pressure, Temperature, and Altitude Sensor Module for Raspberry Pi, Arduino, ESP32, and Other Microcontrollers",ST SHILLEHTEK,No featured offers available,1,B0CD4PQZGQ,https://www.amazon.com/SHILLEHTEK-PRE-SOLDERED-Atmospheric-Temperature-Microcontrollers/dp/B0CD4PQZGQ,3.3V; I2C/SPI,Keep the bus at 3.3V logic on ESP32.,Visually PASSed exact factory-soldered male-header variant from sensors_verified.csv.,,visual_PASS,visual_PASS_factory_presoldered_male_pins_verified,2026-08-21,yes,Pre-Soldered,Main image clearly shows the breakout with soldered male header pins on the side; no ambiguity in the rendered listing image.,Listing says the module comes with pre-attached pins for solderless use.,sensors_verified.csv,sensors_amazon_visual.csv,high,,pin-audit,sensors_verified.csv,,existing_final_visual_verified_catalog,existing 18-row verified catalog retained
Amazon,temperature_pressure,BMP180,BMP180,"SHILLEHTEK PRE-SOLDERED BMP180 I2C IIC Digital Atmospheric Pressure, Temperature, Altitude Sensor Module for Raspberry Pi, Arduino, ESP32, and Other Microcontrollers",ST SHILLEHTEK,No featured offers available,1,B0CDQMFX7S,https://www.amazon.ca/SHILLEHTEK-PRE-SOLDERED-Atmospheric-Temperature-Microcontrollers/dp/B0CDQMFX7S,3.3V/5V compatible; I2C/IIC,Verify pull-ups if mixing with a 3.3V-only bus.,Visually PASSed exact factory-soldered male-header variant from sensors_verified.csv.,,visual_PASS,visual_PASS_factory_presoldered_male_pins_verified,2026-08-21,yes,Pre-Soldered,Main image clearly shows the breakout with soldered male header pins; the listing render matches the pre-soldered variant.,Listing says the module is pre-soldered and another listing note says it supports 3.3V and 5V power input pins.,sensors_verified.csv,sensors_amazon_visual.csv,high,,pin-audit,sensors_verified.csv,,existing_final_visual_verified_catalog,existing 18-row verified catalog retained
Amazon,temperature_ir,MLX90614,MLX90614,"SHILLEHTEK Pre-Soldered GY-906 MLX90614 BAA Non-Touch Infrared Temperature Sensor Module for Arduino, Raspberry Pi, ESP32, and Other Microcontrollers",ST SHILLEHTEK,No featured offers available,1,B0CNM72R4L,https://www.amazon.com/SHILLEHTEK-Pre-Soldered-Non-Touch-Temperature-Microcontrollers/dp/B0CNM72R4L,3.6V-5.5V; I2C/PWM,Keep the bus at the correct logic level; do not power from raw 5V if your wiring is marginal.,Visually PASSed exact factory-soldered male-header variant from sensors_verified.csv.,,visual_PASS,visual_PASS_factory_presoldered_male_pins_verified,2026-08-21,yes,Pre-Soldered,Main image shows the module with a clearly visible row of soldered male header pins.,Listing says the module comes fully pre-assembled and the header pins are already attached.,sensors_verified.csv,sensors_amazon_visual.csv,high,,pin-audit,sensors_verified.csv,,existing_final_visual_verified_catalog,existing 18-row verified catalog retained
Amazon,motion_imu,MPU6050,MPU6050,"SHILLEHTEK MPU6050 / MPU-6050 Pre-Soldered GY-521 Module | 6-Axis Accelerometer Sensor & IMU Sensor | Compatible with Arduino, Raspberry Pi",ST SHILLEHTEK,No featured offers available,1,B0BMY15TC4,https://www.amazon.com/Pre-Soldered-Accelerometer-Raspberry-Compatible-Arduino/dp/B0BMY15TC4,3.3V/5V; I2C,Use the AD0 address pin intentionally; ESP32 I2C stays at 3.3V logic.,Visually PASSed exact factory-soldered male-header variant from sensors_verified.csv.,,visual_PASS,visual_PASS_factory_presoldered_male_pins_verified,2026-08-21,yes,Pre-Soldered,Rendered listing shows the breakout with soldered header pins visible on the module.,Listing says pre-attached pins are already soldered and ready to plug in.,sensors_verified.csv,sensors_amazon_visual.csv,high,,pin-audit,sensors_verified.csv,,existing_final_visual_verified_catalog,existing 18-row verified catalog retained
Amazon,motion_imu,ADXL345,ADXL345,SHILLEHTEK ADXL345 Accelerometer Sensor Module | Pre-Soldered High-Precision ADXL345 Accelerometer for Arduino Projects | Reliable Accelerometer Arduino & Raspberry Pi Motion Detection Tool,ST SHILLEHTEK,No featured offers available,1,B0BXWHTXWT,https://www.amazon.com/Pre-Soldered-Acceleration-Compatible-Tilt-Sensing-Accelerometer/dp/B0BXWHTXWT,3V-5V; I2C/SPI,ESP32 is fine on 3.3V logic; avoid 5V-only breakout variants.,Visually PASSed exact factory-soldered male-header variant from sensors_verified.csv.,,visual_PASS,visual_PASS_factory_presoldered_male_pins_verified,2026-08-21,yes,Pre-Soldered,Main image shows the module with a visibly soldered male header row; no product-family mismatch.,Listing says the accelerometer is pre-soldered and starts immediately.,sensors_verified.csv,sensors_amazon_visual.csv,high,,pin-audit,sensors_verified.csv,,existing_final_visual_verified_catalog,existing 18-row verified catalog retained
Amazon,color_light,TCS34725,TCS34725,Chiffonade TCS34725 RGB Color Sensor Module I2C Interface for Ambient Light with Programmable Interrupt,Chiffonade,No featured offers available,1,B0FY3D8QCK,https://www.amazon.com/Chiffonade-TCS34725-Interface-Programmable-Interrupt/dp/B0FY3D8QCK,3.3V or 5V; I2C,The onboard LED pin is separate; keep the bus at 3.3V on ESP32.,Visually PASSed exact factory-soldered male-header variant from sensors_verified.csv.,,visual_PASS,visual_PASS_factory_presoldered_male_pins_verified,2026-08-21,yes,Default / Pins,Main image shows the color sensor breakout with a full row of soldered header pins visible at the bottom of the module.,Listing says it includes pre-soldered pin headers.,sensors_verified.csv,sensors_amazon_visual.csv,high,,pin-audit,sensors_verified.csv,,existing_final_visual_verified_catalog,existing 18-row verified catalog retained
Amazon,ESP32 boards,Power-friendly prototyping board,SparkFun Thing Plus - ESP32 WROOM (USB-C),SparkFun Thing Plus - ESP32 WROOM (USB-C) - ESP32-D0WDQ6 Chip,SparkFun,30.95,1,B0BC29D9QG,https://us.amazon.com/SparkFun-Thing-Plus-ESP32-D0WDQ6-Integrated/dp/B0BC29D9QG,3.3V logic; USB-C 5V input; 2-pin JST LiPo connector,Integrated LiPo battery charger and fuel-gauge class power path; Feather-compatible footprint; beginner-friendly battery-backed ESP32 board; Beginner-friendly LiPo-capable ESP32 solution: onboard JST LiPo connector and integrated charger. This is not a battery cell.,Exact pre-soldered male-pin ESP32 board with onboard battery charging and JST battery support,none,visual_PASS,visual_PASS_factory_presoldered_male_pins_verified,2026-08-21,yes,Pre-Soldered Pins / B0BC29D9QG,Screenshot shows the pre-soldered board with edge header pins visibly attached; onboard white JST LiPo connector is visible; page text references LiPo battery charging.,Search result says 'Pre-Soldered Pins' and product page says 'LiPo battery charger' plus '2-pin JST connector for a LiPo battery.',connectors_power_verified.csv,power_inputs_amazon_visual.csv,live_exact_variant_verified,Visible 2-pin JST LiPo socket; catalog claims battery charger.,pin-audit,connectors_power_verified.csv,,existing_final_visual_verified_catalog,existing 18-row verified catalog retained
Amazon,ESP32 boards,Compact pre-soldered module,Seeed Studio XIAO ESP32C3,Seeed Studio XIAO ESP32C3 (Pre-Soldered),Seeed Studio,10.99,1,B0DRNSV5CS,https://www.amazon.com/Seeed-Studio-XIAO-ESP32C3-Pre-Soldered/dp/B0DRNSV5CS,3.3V logic; battery charge support; USB-C class tiny MCU,Thumb-sized ESP32-C3 for space-limited prototypes,Exact pre-soldered compact ESP32-C3 variant with live Amazon price visible,none,visual_PASS,visual_PASS_factory_presoldered_male_pins_verified,2026-08-21,yes,Pre-Soldered / B0DRNSV5CS,Screenshot shows the selected Pre-Soldered variant and the male header pins are visibly protruding from the board edges.,Amazon page explicitly shows variant 'Pre-Soldered' and product title 'Seeed Studio XIAO ESP32C3 (Pre-Soldered)'.,connectors_power_verified.csv,power_inputs_amazon_visual.csv,live_exact_variant_verified,No separate LiPo note.,pin-audit,connectors_power_verified.csv,,existing_final_visual_verified_catalog,existing 18-row verified catalog retained
Amazon,input,SUUOO 8 Pack Rotary Encoder Module KY-040 with Push Button,SUUOO 8 Pack Rotary Encoder Module KY-040 with Push Button,SUUOO 8 Pack Rotary Encoder Module KY-040 with Push Button,,,1,B0GX88M8ML,https://www.amazon.com/-/he/dp/B0GX88M8ML,5V rotary encoder; GPIO pulse inputs plus push switch.,Use 3.3V-safe GPIO; confirm pull-ups and debounce in firmware.,Visually PASSed exact factory-soldered male-header variant from inputs_outputs_verified.csv.,,visual_PASS,visual_PASS_factory_presoldered_male_pins_verified,2026-08-21,yes,"SUUOO 8-Pack KY-040 Rotary Encoder Module with Push Button Switch | 5V, 20 pulses per rotation, 360-degree continuous rotation, includes D-shaft knobs, nuts and washers",Main image shows multiple KY-040 modules with male header pins visibly soldered into each board.,Search result says: ''COMPLETE 8-PACK SET: Includes 8 KY-040 rotary encoder modules with pre-soldered 5-pin headers''.,inputs_outputs_verified.csv,supplemental_amazon_visual.csv,high,,pin-audit,inputs_outputs_verified.csv,,existing_final_visual_verified_catalog,existing 18-row verified catalog retained
Amazon,input,LONELY BINARY 2-Pack 4x4 Matrix Keypad with I2C Adapter,LONELY BINARY 2-Pack 4x4 Matrix Keypad with I2C Adapter,"LONELY BINARY 2-Pack 4x4 Matrix Keypad with I2C Adapter for Arduino IDE | ESP32-S3 and Raspberry Pi; each unit runs on just SDA and SCL instead of 8 GPIO pins; 3.3V/5V, headers pre-soldered",,,1,B0G6YRQJ5F,https://www.amazon.com/LONELY-BINARY-I2C-Matrix-Keypad/dp/B0G6YRQJ5F,3.3V/5V I2C keypad module; SDA/SCL interface.,Good ESP32 fit; verify I2C address and pull-ups before stacking more I2C devices.,Visually PASSed exact factory-soldered male-header variant from inputs_outputs_verified.csv.,,visual_PASS,visual_PASS_factory_presoldered_male_pins_verified,2026-08-21,yes,"LONELY BINARY 2-Pack 4x4 Matrix Keypad with I2C Adapter for Arduino IDE | ESP32-S3 and Raspberry Pi; each unit runs on just SDA and SCL instead of 8 GPIO pins; 3.3V/5V, headers pre-soldered",Main image shows the I2C adapter with male header pins visibly soldered under the keypad.,"Product image alt text says: ''... 3.3V/5V, headers pre-soldered''.",inputs_outputs_verified.csv,supplemental_amazon_visual.csv,high,,pin-audit,inputs_outputs_verified.csv,,existing_final_visual_verified_catalog,existing 18-row verified catalog retained
Amazon,output,"EC Buying 10Pcs 5V Passive Buzzer Module, Piezoelectric Sounder Board with 2.54mm Pin Header","EC Buying 10Pcs 5V Passive Buzzer Module, Piezoelectric Sounder Board with 2.54mm Pin Header","EC Buying 10Pcs 5V Passive Buzzer Module, Piezoelectric Sounder Board with 2.54mm Pin Header, External Frequency Control for arduino, ESP8266, for Raspberry Pi, MCU Projects",,,1,B0GW8M3Q3K,https://www.amazon.com/EC-Buying-Piezoelectric-Frequency-Raspberry/dp/B0GW8M3Q3K,5V passive buzzer module; digital/PWM tone output.,Use a GPIO PWM/tone pin and keep drive current within ESP32 limits.,Visually PASSed exact factory-soldered male-header variant from inputs_outputs_verified.csv.,,visual_PASS,visual_PASS_factory_presoldered_male_pins_verified,2026-08-21,yes,"EC Buying 10Pcs 5V Passive Buzzer Module, Piezoelectric Sounder Board with 2.54mm Pin Header, External Frequency Control for arduino, ESP8266, for Raspberry Pi, MCU Projects",Main image shows the buzzer module with male header pins visibly soldered into the board.,Search result says the module is ''pre-soldered'' and ''plugs into expansion & terminal boards''; title specifies 2.54mm pin header.,inputs_outputs_verified.csv,supplemental_amazon_visual.csv,medium-high,,pin-audit,inputs_outputs_verified.csv,,existing_final_visual_verified_catalog,existing 18-row verified catalog retained
Amazon,input,Wishiot Thumb Joystick Module Dual Axis Sensor Game Controller Sensor Joystick Breakout Module Compatible with Arduino PS2 Raspberry Pi (2),Wishiot Thumb Joystick Module Dual Axis Sensor Game Controller Sensor Joystick Breakout Module Compatible with Arduino PS2 Raspberry Pi (2),Wishiot Thumb Joystick Module Dual Axis Sensor Game Controller Sensor Joystick Breakout Module Compatible with Arduino PS2 Raspberry Pi (2),,,1,B0BFQTLM5T,https://www.amazon.com/Joystick-Controller-Compatible-Raspberry-PlayStation-2/dp/B0BFQTLM5T,5V analog joystick; X/Y analog outputs plus switch input.,Run from 3.3V if possible or level-check the analog output before connecting to ESP32 ADC.,Visually PASSed exact factory-soldered male-header variant from inputs_outputs_verified.csv.,,visual_PASS,visual_PASS_factory_presoldered_male_pins_verified,2026-08-21,yes,Wishiot Thumb Joystick Module Dual Axis Sensor Game Controller Sensor Joystick Breakout Module Compatible with Arduino PS2 Raspberry Pi (2),Main image shows the joystick breakout with male header pins visibly soldered into the board.,"Search result says: ''Includes 2 joystick modules powered by 5V, with X and Y axes (Pre-Soldered)''.",inputs_outputs_verified.csv,supplemental_amazon_visual.csv,medium,,pin-audit,inputs_outputs_verified.csv,,existing_final_visual_verified_catalog,existing 18-row verified catalog retained
Amazon,output,"Vibration Motor Module 3 Pcs, DC5V 9000RPM for DIY Projects","Vibration Motor Module 3 Pcs, DC5V 9000RPM for DIY Projects",3Pcs Vibration Motor Module DC 5V 9000RPM for DIY Projects,,,1,B08GPMCP7J,https://www.amazon.com/Vibration-9000RPM-Replacement-Arduino-Projects/dp/B08GPMCP7J,5V vibration motor module with MOS drive.,Suitable only if the onboard MOS drive is present; keep within ESP32-friendly current limits.,Visually PASSed exact factory-soldered male-header variant from inputs_outputs_verified.csv.,,visual_PASS,visual_PASS_factory_presoldered_male_pins_verified,2026-08-21,yes,3Pcs Vibration Motor Module DC 5V 9000RPM for DIY Projects | Vibration Motor Module DC 5V 9000 RPM High Speed for DIY Projects 3 Units PWM Control for Arduino - Amazon.com,Main image shows the vibration modules with male header pins visibly soldered into each board.,"Search result says: ''Each module is pre soldered with standard pins'' and ''MOS amplification drive, can be directly controlled by the digital port''.",inputs_outputs_verified.csv,supplemental_amazon_visual.csv,medium,,pin-audit,inputs_outputs_verified.csv,,existing_final_visual_verified_catalog,existing 18-row verified catalog retained
Amazon,temperature_humidity_pressure,BME280,BME280,"SHILLEHTEK PRE-SOLDERED BME280 3.3V High Precision Altimeter Atmospheric Pressure, Temperature, and Humidity GY-BME280-3.3 Sensor Module for Raspberry Pi, Arduino, ESP32, and Other Microcontrollers",ST SHILLEHTEK,No featured offers available,1,B0BQFV883T,https://www.amazon.com.be/-/en/ST-SHILLEHTEK-BME280/dp/B0BQFV883T,3.3V; I2C/SPI,Use 3.3V logic; do not assume 5V-safe I2C on ESP32.,Visually PASSed exact factory-soldered male-header variant from sensors_verified.csv.,,visual_PASS,visual_PASS_factory_presoldered_male_pins_verified,2026-08-21,yes,"SHILLEHTEK PRE-SOLDERED BME280 3.3V High Precision Altimeter Atmospheric Pressure, Temperature, and Humidity GY-BME280-3.3 Sensor Module for Raspberry Pi, Arduino, and Other MicroControllers",Main image shows the BME280 board with male header pins visibly soldered in place.,Listing says the headers are pre-soldered and the module can be connected without soldering.,sensors_verified.csv,supplemental_amazon_visual.csv,high,,pin-audit,sensors_verified.csv,,existing_final_visual_verified_catalog,existing 18-row verified catalog retained
Amazon,board,10PCS MAX485 RS485 Transceiver Module TTL Serial to RS-485 Module,10PCS MAX485 RS485 Transceiver Module TTL Serial to RS-485 Module,10PCS MAX485 RS485 Transceiver Module TTL Serial to RS-485 Module,ANMBEST,,,B088Q8TD4V,https://www.amazon.com/dp/B088Q8TD4V,,,,,PASS,PASS,2026-08-21,yes,,Live page screenshot shows a blue module with a visible soldered male header row and screw terminal.,Amazon page text confirms MAX485 RS485 transceiver module and the screenshot shows the soldered header row.,storage_time_comms_bus.csv,storage_time_comms_bus.csv,,,first,expansion_visual_batch_1.csv,1,candidate_by_url,first-loop PASS joined to candidate metadata
Amazon,board,3-pack listing with the board image showing soldered headers,3-pack listing with the board image showing soldered headers,WWZMDiB 3 Pcs MCP2515 TJA1050 CAN Bus Module SPI Interface Compatible with for Arduino Raspberry Pi ESP32 STM (CAN Bus Controller + Receiver),WWZMDiB,,,B0BVH43P9L,https://www.amazon.com/dp/B0BVH43P9L,,,,,PASS,PASS,2026-08-21,yes,,Live page screenshot shows the CAN module with visible soldered male header pins.,Listing text confirms MCP2515 + TJA1050 CAN bus module and the screenshot shows the soldered pins.,storage_time_comms_bus.csv,storage_time_comms_bus.csv,,,first,expansion_visual_batch_1.csv,3,candidate_by_url,first-loop PASS joined to candidate metadata
Amazon,board,waveshare ESP32-S3 Mini Development Board with Pre-Soldered Header,waveshare ESP32-S3 Mini Development Board with Pre-Soldered Header,"waveshare ESP32-S3 Mini Development Board with Pre-Soldered Header, 2.4GHz Wi-Fi, Bluetooth 5 Support, Based on ESP32-S3FH4R2 Dual-Core Processor, 240MHz Running Frequency, USB Type-C Port",Waveshare,,,B0CSD5NZDJ,https://www.amazon.com/dp/B0CSD5NZDJ,,,,,PASS,PASS,2026-08-21,yes,,Live page screenshot shows the Waveshare mini board with visible soldered male headers.,"""Title explicitly says Pre-Soldered Header."" || Amazon search snippet explicitly says pre-soldered header.",boards_cameras_connectivity.csv; power_prototyping_connectors.csv,boards_cameras_connectivity.csv; power_prototyping_connectors.csv,,,first,expansion_visual_batch_1.csv,12,candidate_by_url,first-loop PASS joined to candidate metadata
Amazon,board,ESP32-C6 with Pre-Soldered Header Mini Development Board,ESP32-C6 with Pre-Soldered Header Mini Development Board,ESP32-C6 with Pre-Soldered Header Mini Development Board,,,,B0CZHJHF7K,https://www.amazon.com/dp/B0CZHJHF7K,,,,,PASS,PASS,2026-08-21,yes,,Live page screenshot shows the mini board with visible soldered male headers.,Amazon snippet says mini development board with pre-soldered header.,power_prototyping_connectors.csv,power_prototyping_connectors.csv,,,first,expansion_visual_batch_1.csv,6,candidate_by_url,first-loop PASS joined to candidate metadata
Amazon,board,ESP32-C6 Mini Development Board with Pre-Soldered Header (ESP32-C6-Zero-M),ESP32-C6 Mini Development Board with Pre-Soldered Header (ESP32-C6-Zero-M),"ESP32-C6 Mini Development Board, Based On ESP32-C6FH4, Dual Processors, with Pre-Soldered Header (ESP32-C6-Zero-M)",Amazon / generic,,,B0D2XSWQWZ,https://www.amazon.com/dp/B0D2XSWQWZ,,,,,PASS,PASS,2026-08-21,yes,,Live page screenshot shows the ESP32-C6 board with protruding soldered male headers.,"""Title explicitly says Pre-Soldered Header.""",boards_cameras_connectivity.csv,boards_cameras_connectivity.csv,,,first,expansion_visual_batch_1.csv,5,candidate_by_url,first-loop PASS joined to candidate metadata
Amazon,board,ESP32-S3 IR Thermal Imaging Camera Module,ESP32-S3 IR Thermal Imaging Camera Module,ESP32-S3 IR Thermal Imaging Camera Module,,,,B0DXP783CQ,https://www.amazon.com/dp/B0DXP783CQ,,,,,PASS,PASS,2026-08-21,yes,,Live page screenshot shows the thermal camera module with visible edge-mounted soldered pins.,Amazon snippet says IR thermal imaging camera module with header-equipped pre-soldered variant.,power_prototyping_connectors.csv,power_prototyping_connectors.csv,,,first,expansion_visual_batch_1.csv,7,candidate_by_url,first-loop PASS joined to candidate metadata
Amazon,board,2pcs listing with the module and antenna shown,2pcs listing with the module and antenna shown,"GY-NEO6MV2 NEO-6M GPS Module for Arduino, STM32, Raspberry Pi, ESP32 2pcs",YELUFT,,,B0F2DKWJ4J,https://www.amazon.com/dp/B0F2DKWJ4J,,,,,PASS,PASS,2026-08-21,yes,,,/Users/mohammedkhambhati/Documents/Makeable/output/parts-feature-subagents-20260821/library-expansion/screenshots/B0F2DKWJ4J.png,storage_time_comms_bus.csv,PASS,,,first,expansion_visual_batch_1.csv,2,candidate_by_url,fixed malformed batch1 PASS via ASIN/URL and visual evidence
Amazon,board,Current listing page with visible soldered header pins,Current listing page with visible soldered header pins,TCA9548A 1-to-8 I2C 8-Way Multi-Channel IIC Expansion Board Multiplexer Breakout Board IIC Module Development for Arduino Esp32 Esp8266 Raspberry PI STM32,GODIYMODULES,,,B0FDFQ94HB,https://www.amazon.com/dp/B0FDFQ94HB,,,,,PASS,PASS,2026-08-21,yes,,Live page screenshot clearly shows soldered male header pins on the TCA9548A board.,Listing text explicitly states 3.3V-5V work voltage and the screenshot shows the header pins.,storage_time_comms_bus.csv,storage_time_comms_bus.csv,,,first,expansion_visual_batch_1.csv,4,candidate_by_url,first-loop PASS joined to candidate metadata
Amazon,board,"hiBCTR 4-Pack NEO-7M GPS Module, SMA Antenna, pre-soldered headers","hiBCTR 4-Pack NEO-7M GPS Module, SMA Antenna, pre-soldered headers","hiBCTR 4-Pack NEO-7M GPS Module, SMA Antenna, 3.3V 5V, pre-soldered headers + antenna",hiBCTR,,,B0FND6JN5S,https://www.amazon.com/dp/B0FND6JN5S,,,,,PASS,PASS,2026-08-21,yes,,Live page screenshot shows the GPS module with visible soldered male pins and SMA antenna.,"""Snippet says pre-soldered headers + antenna.""",boards_cameras_connectivity.csv,boards_cameras_connectivity.csv,,,first,expansion_visual_batch_1.csv,11,candidate_by_url,first-loop PASS joined to candidate metadata
Amazon,board,Meshnology Pre-Soldered ESP32 LoRa V4 Dev Board Upgraded,Meshnology Pre-Soldered ESP32 LoRa V4 Dev Board Upgraded,Meshnology Pre-Soldered ESP32 LoRa V4 Dev Board Upgraded,Meshnology,,,B0GQ3QLB5M,https://www.amazon.com/dp/B0GQ3QLB5M,,,,,PASS,PASS,2026-08-21,yes,,Live page screenshot shows the board with a full soldered male header row under the display module.,"""Title says Pre-Soldered ESP32.""",boards_cameras_connectivity.csv,boards_cameras_connectivity.csv,,,first,expansion_visual_batch_1.csv,9,candidate_by_url,first-loop PASS joined to candidate metadata
Amazon,board,ESP32-S3 WROOM N16R8 Camera Development Board,ESP32-S3 WROOM N16R8 Camera Development Board,ESP32-S3 WROOM N16R8 Camera Development Board,,,,B0HBP9HLW9,https://www.amazon.com/dp/B0HBP9HLW9,,,,,PASS,PASS,2026-08-21,yes,,Live page screenshot shows the camera board with soldered headers along the edges.,Amazon snippet says fully assembled with pre-soldered headers and camera module.,power_prototyping_connectors.csv,power_prototyping_connectors.csv,,,first,expansion_visual_batch_1.csv,8,candidate_by_url,first-loop PASS joined to candidate metadata
Amazon,connector,SparkFun Qwiic Compatible with Micro:bit Breakout (with Headers),SparkFun Qwiic Compatible with Micro:bit Breakout (with Headers),SparkFun Qwiic Compatible with Micro:bit Breakout (with Headers),,,,B098ZQ4V52,https://www.amazon.com/dp/B098ZQ4V52,,,,,PASS,PASS,2026-08-21,yes,,Live page screenshot shows the breakout with visible soldered male headers and Qwiic connectors.,"Amazon snippet says pre-soldered, Qwiic-enabled breakout board.",power_prototyping_connectors.csv,power_prototyping_connectors.csv,,,first,expansion_visual_batch_1.csv,15,candidate_by_url,first-loop PASS joined to candidate metadata
Amazon,connector,2PCS USB to TTL serial converter adapter Type-C FT232RL Module,2PCS USB to TTL serial converter adapter Type-C FT232RL Module,2PCS USB to TTL Serial Converter Adapter Type-C FT232RL Module 3.3V 5.5V FTDI Breakout Board Compatible with Arduino,ALMOCN,,,B0FWBLW58D,https://www.amazon.com/dp/B0FWBLW58D,,,,,PASS,PASS,2026-08-21,yes,,Live page screenshot shows the USB-TTL adapter with a soldered male header row.,Listing bullet points explicitly say 3.3V/5.5V and the screenshot shows the assembled board.,storage_time_comms_bus.csv,storage_time_comms_bus.csv,,,first,expansion_visual_batch_1.csv,13,candidate_by_url,first-loop PASS joined to candidate metadata
Amazon,display,"ideaspark ESP32 Development Board Integrated 0.96 Inch OLED Display,CH340 Driver,WiFi+BLE Wireless Module,and Micro USB Works Great for Arduino/Micropython(Pin Header Soldered)","ideaspark ESP32 Development Board Integrated 0.96 Inch OLED Display,CH340 Driver,WiFi+BLE Wireless Module,and Micro USB Works Great for Arduino/Micropython(Pin Header Soldered)","ideaspark ESP32 Development Board Integrated 0.96 Inch OLED Display,CH340 Driver,WiFi+BLE Wireless Module,and Micro USB Works Great for Arduino/Micropython(Pin Header Soldered)",,,,B0CN4F354N,https://www.amazon.com/dp/B0CN4F354N,,,,,PASS,PASS,2026-08-21,yes,,Live page screenshot shows the OLED ESP32 board with a visible soldered male header row.,,inputs_outputs_audio_light.csv,inputs_outputs_audio_light.csv,,,first,expansion_visual_batch_3.csv,1,candidate_by_asin,first-loop PASS
Amazon,display,Blue Screen / Pin Pre-soldered,Blue Screen / Pin Pre-soldered,6pcs 0.91 inch OLED IIC I2C Display Module SSD1306 128x32 LCD Screen Driver with 30pin Dupont Cables for Arduino Projects(Blue Screen/Pin Pre-soldered),Brand: XIITIA,,,B0DG8JZ2TT,https://www.amazon.com/dp/B0DG8JZ2TT,,,,,PASS,PASS,2026-08-21,yes,,Hero image shows the 0.91-inch OLED boards with the male header row already soldered into the PCB.,Title includes Pin Pre-soldered; brand line shows Brand: XIITIA.,displays.csv; inputs_outputs_audio_light.csv,displays.csv; inputs_outputs_audio_light.csv,,,first,expansion_visual_batch_2.csv,6,candidate_by_asin,first-loop PASS
Amazon,display,White Screen / Pin Pre-soldered,White Screen / Pin Pre-soldered,6pcs 0.91 inch OLED IIC I2C Display Module SSD1306 128x32 LCD Screen Driver with 30pin Dupont Cables for Arduino Projects(White Screen/Pin Pre-soldered),Brand: XIITIA,,,B0DG8KYSPH,https://www.amazon.com/dp/B0DG8KYSPH,,,,,PASS,PASS,2026-08-21,yes,,"Hero image matches the same pre-soldered 0.91-inch OLED family, with the header row visibly attached.",Title includes Pin Pre-soldered; brand line shows Brand: XIITIA.,displays.csv,displays.csv,,,first,expansion_visual_batch_2.csv,14,candidate_by_asin,first-loop PASS
Amazon,display,0.91-inch I2C OLED Display Module SSD1306 Pre-Soldered,0.91-inch I2C OLED Display Module SSD1306 Pre-Soldered,0.91-inch I2C OLED Display Module SSD1306 Pre-Soldered,,,,B0DSL8CPD9,https://www.amazon.com/dp/B0DSL8CPD9,,,,,PASS,PASS,2026-08-21,yes,,Hero image shows the OLED module stack with visible soldered header pins on the left edge.,Search snippet said pre-soldered; page shows the 5-pack OLED module; 128x32; 3.3V or 5V.,distance_motion_position.csv,distance_motion_position.csv,,,first,expansion_visual_batch_2.csv,2,candidate_by_asin,first-loop PASS
Amazon,display,LC1602-Keypad / Pre-Soldered,LC1602-Keypad / Pre-Soldered,"ShillehTek LCD1602 16x2 Keypad Shield – Blue Backlight LCD Display, Pre-Soldered for Arduino, Raspberry Pi, Microcontrollers, Robotics, DIY Electronics & STEM Projects",Visit the ST SHILLEHTEK Store,,,B0F1L7FG5Z,https://www.amazon.com/dp/B0F1L7FG5Z,,,,,PASS,PASS,2026-08-21,yes,,Hero image shows the LCD keypad shield with the pin header row integrated on the board.,Title says Pre-Soldered; store line shows ST SHILLEHTEK.,displays.csv,displays.csv,,,first,expansion_visual_batch_2.csv,10,candidate_by_asin,first-loop PASS
Amazon,display,"ESP32-C6 1.47inch Display Development Board,172x320, Support WiFi & BLE | 262K Color, 160MHz Running Frequency Single-core Processor, with Colorful RGB LED, with Pre-soldered Header","ESP32-C6 1.47inch Display Development Board,172x320, Support WiFi & BLE | 262K Color, 160MHz Running Frequency Single-core Processor, with Colorful RGB LED, with Pre-soldered Header","ESP32-C6 1.47inch Display Development Board,172x320, Support WiFi & BLE | 262K Color, 160MHz Running Frequency Single-core Processor, with Colorful RGB LED, with Pre-soldered Header",,,,B0F4DDDQSM,https://www.amazon.com/dp/B0F4DDDQSM,,,,,PASS,PASS,2026-08-21,yes,,Product image shows the ESP32-C6 display board with the header pins installed along the board edge.,,inputs_outputs_audio_light.csv,inputs_outputs_audio_light.csv,,,first,expansion_visual_batch_2.csv,8,candidate_by_asin,first-loop PASS
Amazon,display,Pre-Soldered Header,Pre-Soldered Header,"RP2350 1.47inch Display Development Board, 172x320, 262K Color, Based On RP2350 Dual-Core & Dual-Architecture Microcontroller, with Colorful RGB LED, Type-A USB Port, with Pre-Soldered Header",Brand: Wonrabai,,,B0F6NNR8NS,https://www.amazon.com/dp/B0F6NNR8NS,,,,,PASS,PASS,2026-08-21,yes,,Product image shows the pre-soldered header row beneath the display board.,Title says Pre-Soldered Header; brand line shows Brand: Wonrabai.,displays.csv,displays.csv,,,first,expansion_visual_batch_2.csv,11,candidate_by_asin,first-loop PASS
Amazon,display,ESP32-C6 1.47inch IPS Touch Display Development Board with pre-soldered Header,ESP32-C6 1.47inch IPS Touch Display Development Board with pre-soldered Header,"ESP32-C6 1.47inch IPS Touch Display Development Board with pre-soldered Header, 172×320 Resolution, 262K Display Color, Supports Wi-Fi 6 / BLE 5, 160MHz RISC-V Processor",Amazon / generic,,,B0F99KMRVL,https://www.amazon.com/dp/B0F99KMRVL,,,,,PASS,PASS,2026-08-21,yes,,Product image shows the touch display board with soldered headers visible under the module.,"""Title explicitly says pre-soldered Header.""",boards_cameras_connectivity.csv,boards_cameras_connectivity.csv,,,first,expansion_visual_batch_2.csv,9,candidate_by_asin,first-loop PASS
Amazon,display,16x2 / Pre-Soldered Pin Header,16x2 / Pre-Soldered Pin Header,"1602A LCD Display Module, Blue Screen with Backlight, 16x2 Characters, Parallel Interface, 5V Operation, Pre-Soldered Pin Header, Compatible with Arduino and ESP32, 2 Pieces",Visit the DIYables Store,,,B0G5NDCKP7,https://www.amazon.com/dp/B0G5NDCKP7,,,,,PASS,PASS,2026-08-21,yes,,Hero image shows the 16x2 LCD modules with the header row already soldered into the board.,Title says Pre-Soldered Pin Header; store line shows DIYables.,displays.csv,displays.csv,,,first,expansion_visual_batch_2.csv,3,candidate_by_asin,first-loop PASS
Amazon,display,ESP32-C6 1.3inch LCD Display Development Board with Pre-Soldered Header,ESP32-C6 1.3inch LCD Display Development Board with Pre-Soldered Header,"ESP32-C6 1.3inch LCD Display Development Board, ESP32 with Display IPS 240 x 240 Pixels, 262K Color, Supports Wi-Fi 6 and BLE 5, with Pre-Soldered Header",Amazon / generic,,,B0GJT1X7H5,https://www.amazon.com/dp/B0GJT1X7H5,,,,,PASS,PASS,2026-08-21,yes,,Product image shows the display dev board with soldered header pins protruding from the underside.,"""Title explicitly says with Pre-Soldered Header.""",boards_cameras_connectivity.csv,boards_cameras_connectivity.csv,,,first,expansion_visual_batch_2.csv,7,candidate_by_asin,first-loop PASS
Amazon,display,Blue / Presoldered,Blue / Presoldered,"2.42 Inch OLED Display Module 128x64 SSD1309 Blue I2C IIC 4 Pin Serial LCD Screen for Arduino ESP32 ESP8266 Raspberry Pi, Presoldered",Visit the DIYables Store,,,B0GTPS8JR7,https://www.amazon.com/dp/B0GTPS8JR7,,,,,PASS,PASS,2026-08-21,yes,,Hero image shows the OLED module with its pin row already soldered.,Title says Presoldered; brand/store line shows DIYables store.,displays.csv,displays.csv,,,first,expansion_visual_batch_2.csv,5,candidate_by_asin,first-loop PASS
Amazon,display,2.42 Inch OLED Display Module SSD1309 Presoldered,2.42 Inch OLED Display Module SSD1309 Presoldered,2.42 Inch OLED Display Module SSD1309 Presoldered,,,,B0GZHW1KD4,https://www.amazon.com/dp/B0GZHW1KD4,,,,,PASS,PASS,2026-08-21,yes,,Hero image shows the OLED module with its pin row already soldered.,Title says Presoldered; bullets say pin header is pre soldered; 4-pin I2C. || Amazon snippet says presoldered ready to use.,distance_motion_position.csv; power_prototyping_connectors.csv,distance_motion_position.csv; power_prototyping_connectors.csv,,,first,expansion_visual_batch_2.csv,4,candidate_by_asin,first-loop PASS
Amazon,display,Soldered Header,Soldered Header,"1.54 Inch TFT LCD Display Module, Color SPI Screen Board with Soldered Header for MCU Graphics and DIY Projects",Brand: MakerCircuit,,,B0H2HL5ZQY,https://www.amazon.com/dp/B0H2HL5ZQY,,,,,PASS,PASS,2026-08-21,yes,,Product image shows the TFT module with the header row soldered in place.,Title says Soldered Header; brand line shows Brand: MakerCircuit.,displays.csv,displays.csv,,,first,expansion_visual_batch_2.csv,13,candidate_by_asin,first-loop PASS
Amazon,display,Pre-soldered Pins,Pre-soldered Pins,"2.25 Inch TFT LCD Display Module with ST7789 Driver IC, 76x284 Pixel Resolution 4-Wire SPI Screen, Full Viewing Angle PCB Panel for Arduino for Raspberry Pi, Pre-soldered Pins",Brand: Larderlane,,,B0H6P19FQ7,https://www.amazon.com/dp/B0H6P19FQ7,,,,,PASS,PASS,2026-08-21,yes,,Zoomed product image shows a right-edge soldered header row on the narrow OLED module.,Title says Pre-soldered Pins; brand line shows Brand: Larderlane.,displays.csv,displays.csv,,,first,expansion_visual_batch_2.csv,12,candidate_by_asin,first-loop PASS
Amazon,input,"DIYables Touch Sensor Button Switch for Arduino, ESP32, ESP8266, Raspberry Pi, 2 Pieces","DIYables Touch Sensor Button Switch for Arduino, ESP32, ESP8266, Raspberry Pi, 2 Pieces","DIYables Touch Sensor Button Switch for Arduino, ESP32, ESP8266, Raspberry Pi, 2 Pieces",,,,B0BPG115T1,https://www.amazon.com/dp/B0BPG115T1,,,,,PASS,PASS,2026-08-21,yes,,Live page screenshot shows the touch modules with visible soldered male header pins.,,inputs_outputs_audio_light.csv,inputs_outputs_audio_light.csv,,,first,expansion_visual_batch_3.csv,5,candidate_by_asin,first-loop PASS
Amazon,input,MTDELE 5Pcs 360 Degree Rotary Encoder Module KY-040 with Black Knobs,MTDELE 5Pcs 360 Degree Rotary Encoder Module KY-040 with Black Knobs,MTDELE 5Pcs 360 Degree Rotary Encoder Module KY-040 with Black Knobs,,,,B0D949DPR1,https://www.amazon.com/dp/B0D949DPR1,,,,,PASS,PASS,2026-08-21,yes,,Live page screenshot shows the rotary encoder boards with visible soldered male header pins.,,inputs_outputs_audio_light.csv,inputs_outputs_audio_light.csv,,,first,expansion_visual_batch_3.csv,6,candidate_by_asin,first-loop PASS
Amazon,input,"DIYables Potentiometer Angle Sensor Module with Knob - Volume Adjuster for Arduino, ESP32, ESP8266, Raspberry Pi with Tutorials","DIYables Potentiometer Angle Sensor Module with Knob - Volume Adjuster for Arduino, ESP32, ESP8266, Raspberry Pi with Tutorials","DIYables Potentiometer Angle Sensor Module with Knob - Volume Adjuster for Arduino, ESP32, ESP8266, Raspberry Pi with Tutorials",,,,B0DLNDDL4H,https://www.amazon.com/dp/B0DLNDDL4H,,,,,PASS,PASS,2026-08-21,yes,,Live page screenshot shows both potentiometer modules with visible soldered male header pins.,,inputs_outputs_audio_light.csv,inputs_outputs_audio_light.csv,,,first,expansion_visual_batch_3.csv,4,candidate_by_asin,first-loop PASS
Amazon,input,DC-DC Buck Mini Module 5~36V Input Configurable 5V or 3.3V,DC-DC Buck Mini Module 5~36V Input Configurable 5V or 3.3V,DC-DC Buck Mini Module 5~36V Input Configurable 5V or 3.3V,,,,B0DMVRYBPM,https://www.amazon.com/dp/B0DMVRYBPM,,,,,PASS,PASS,2026-08-21,yes,,Live page screenshot shows the header pins soldered into the buck module beside the terminal block.,Amazon snippet says pre-soldered header and terminal.,power_prototyping_connectors.csv,power_prototyping_connectors.csv,,,first,expansion_visual_batch_3.csv,3,candidate_by_asin,first-loop PASS
Amazon,input,"hiBCTR 2-Pack Joystick Module KY-023, Dual-Axis XY Analog | 5V supply, includes push button, compatible with Arduino, Raspberry Pi, ESP32, for DIY game controllers","hiBCTR 2-Pack Joystick Module KY-023, Dual-Axis XY Analog | 5V supply, includes push button, compatible with Arduino, Raspberry Pi, ESP32, for DIY game controllers","hiBCTR 2-Pack Joystick Module KY-023, Dual-Axis XY Analog | 5V supply, includes push button, compatible with Arduino, Raspberry Pi, ESP32, for DIY game controllers",,,,B0DSZ9D9WH,https://www.amazon.com/dp/B0DSZ9D9WH,,,,,PASS,PASS,2026-08-21,yes,,Live page screenshot shows the joystick modules with visible soldered male header pins.,,inputs_outputs_audio_light.csv,inputs_outputs_audio_light.csv,,,first,expansion_visual_batch_3.csv,7,candidate_by_asin,first-loop PASS
Amazon,output,"DIYables LED Traffic Light Module for Arduino, ESP32, ESP8266, Raspberry Pi, 8 Pieces","DIYables LED Traffic Light Module for Arduino, ESP32, ESP8266, Raspberry Pi, 8 Pieces","DIYables LED Traffic Light Module for Arduino, ESP32, ESP8266, Raspberry Pi, 8 Pieces",,,,B0BXKKT9JH,https://www.amazon.com/dp/B0BXKKT9JH,,,,,PASS,PASS,2026-08-21,yes,,Live page screenshot shows the traffic-light modules with visible soldered male header pins.,,inputs_outputs_audio_light.csv,inputs_outputs_audio_light.csv,,,first,expansion_visual_batch_3.csv,9,candidate_by_asin,first-loop PASS
Amazon,output,"DIYables RGB LED Module for Arduino, ESP32, ESP8266, Raspberry Pi, 10 Pieces","DIYables RGB LED Module for Arduino, ESP32, ESP8266, Raspberry Pi, 10 Pieces","DIYables RGB LED Module for Arduino, ESP32, ESP8266, Raspberry Pi, 10 Pieces",,,,B0BXKMGSG6,https://www.amazon.com/dp/B0BXKMGSG6,,,,,PASS,PASS,2026-08-21,yes,,Live page screenshot shows the RGB LED modules with visible soldered male header pins.,,inputs_outputs_audio_light.csv,inputs_outputs_audio_light.csv,,,first,expansion_visual_batch_3.csv,10,candidate_by_asin,first-loop PASS
Amazon,output,Waveshare ESP32-S3 ETH Dev Board with pre-soldered Ethernet board and OV5640 camera bundle,Waveshare ESP32-S3 ETH Dev Board with pre-soldered Ethernet board and OV5640 camera bundle,"Waveshare ESP32-S3 ETH Dev Board, with Pre-Soldered Ethernet development board bundled with PoE module and OV5640 camera",Waveshare,,,B0H5PXC6GM,https://www.amazon.com/dp/B0H5PXC6GM,,,,,PASS,PASS,2026-08-21,yes,,Live page screenshot shows the ESP32-S3 ETH board with visible soldered pin rows along the board edge.,"""Title/snippet says Pre-Soldered Ethernet development board.""",boards_cameras_connectivity.csv,boards_cameras_connectivity.csv,,,first,expansion_visual_batch_3.csv,11,candidate_by_asin,first-loop PASS
Amazon,power,Meshnology Pre-Soldered ESP32 LoRa V4 Dev Board +L76 GNSS,Meshnology Pre-Soldered ESP32 LoRa V4 Dev Board +L76 GNSS,Meshnology Pre-Soldered ESP32 LoRa V4 Dev Board +L76 GNSS,Meshnology,,,B0GQ3W9XZ2,https://www.amazon.com/dp/B0GQ3W9XZ2,,,,,PASS,PASS,2026-08-21,yes,,Live page screenshot shows the LoRa board with a clear soldered male header row beneath the display module.,"""Title says Pre-Soldered ESP32."" || Title says Pre-Soldered; bullets call out L76 GNSS; SX1262; and battery/solar power.",boards_cameras_connectivity.csv; distance_motion_position.csv,boards_cameras_connectivity.csv; distance_motion_position.csv,,,first,expansion_visual_batch_3.csv,12,candidate_by_asin,first-loop PASS
Amazon,sensor,https://www.amazon.com/Sensor-Module-Surface-Detection-Raspberry/dp/B09J2NK21Y,10Pcs Rain Water Level Sensor Module DC 3V-5V 20mA Level Liquid Surface Depth Height Detection Sensor Module for Raspberry Pi,10Pcs Rain Water Level Sensor Module DC 3V-5V 20mA Level Liquid Surface Depth Height Detection Sensor Module for Raspberry Pi,DORHEA,,,B09J2NK21Y,https://www.amazon.com/Sensor-Module-Surface-Detection-Raspberry/dp/B09J2NK21Y,,,,,PASS,PASS,2026-08-21,yes,,Amazon image shows the red probe board with the 3-pin header installed on top.,Listing title and product details show the exact module family; 3-pin interface is visible in the rendered page.,amazon_catalog.md; environmental_sensors.csv,amazon_catalog.md; environmental_sensors.csv,,,first,expansion_visual_batch_4.csv,6,candidate_by_asin,first-loop PASS
Amazon,sensor,SHILLEHTEK ADS1115 Pre-Soldered ADC,SHILLEHTEK ADS1115 Pre-Soldered ADC,SHILLEHTEK ADS1115 Pre-Soldered ADC,,,,B0BXWJFCVJ,https://www.amazon.com/dp/B0BXWJFCVJ,,,,,PASS,PASS,2026-08-21,yes,,Module image shows the ADS1115 board with a soldered header row visible.,Bullets say pre-soldered and ready; 16-bit ADC; 2.0-5.5V.,distance_motion_position.csv,distance_motion_position.csv,,,first,expansion_visual_batch_4.csv,3,candidate_by_asin,first-loop PASS
Amazon,sensor,1PCS Pre-Soldered MPU9250 GY-9250 9-Axis Sensor,1PCS Pre-Soldered MPU9250 GY-9250 9-Axis Sensor,1PCS Pre-Soldered MPU9250 GY-9250 9-Axis Sensor,,,,B0D1FXLK48,https://www.amazon.com/dp/B0D1FXLK48,,,,,PASS,PASS,2026-08-21,yes,,Live page screenshot shows the MPU9250 board with a full soldered male pin row.,Bullets say pre-soldered; 3-5V; standard IIC; 9-axis gyro/accel/magnetometer.,distance_motion_position.csv,distance_motion_position.csv,,,first,expansion_visual_batch_3.csv,13,candidate_by_asin,first-loop PASS
Amazon,sensor,4pcs BME280 Pre-Soldered Temperature Humidity Sensor,4pcs BME280 Pre-Soldered Temperature Humidity Sensor,4pcs BME280 Pre-Soldered Temperature Humidity Sensor,,,,B0DLB4J4DC,https://www.amazon.com/dp/B0DLB4J4DC,,,,,PASS,PASS,2026-08-21,yes,,Live page screenshot shows the BME280 modules with visible soldered male header pins on each board.,Bullets explicitly say pre-soldered BME280 3.3V; supply 1.71-3.6V; humidity 0-100%.,distance_motion_position.csv,distance_motion_position.csv,,,first,expansion_visual_batch_3.csv,14,candidate_by_asin,first-loop PASS
Amazon,sensor,DollaTek LD2410C 24GHz Human Presence Detection Radar Sensor Module,DollaTek LD2410C 24GHz Human Presence Detection Radar Sensor Module,DollaTek LD2410C 24GHz Human Presence Detection Radar Sensor Module,,,,B0F25WTY1W,https://www.amazon.com/dp/B0F25WTY1W,,,,,PASS,PASS,2026-08-21,yes,,Main image shows the LD2410C board with soldered male header pins clearly visible.,Bullet says pre-soldered 5-pin headers; 3.3V GPIO/UART output; 5V input.,distance_motion_position.csv,distance_motion_position.csv,,,first,expansion_visual_batch_4.csv,2,candidate_by_asin,first-loop PASS
Amazon,sensor,4pcs Pre-Soldered BME280 3.3V Sensor Module GY-BME280-3.3,4pcs Pre-Soldered BME280 3.3V Sensor Module GY-BME280-3.3,4pcs Pre-Soldered BME280 3.3V Sensor Module GY-BME280-3.3 High Precision Atmospheric Pressure Sensor Temperature Humidity Sensor Module for Raspberry Pi and Other MicroControllers,Amazon / generic,,,B0F9DZBLW9,https://www.amazon.com/dp/B0F9DZBLW9,,,,,PASS,PASS,2026-08-21,yes,,Product image clearly shows the 4-pack modules with soldered male pins. Exact product image shows a soldered male header strip attached to the module.,Snippet says pins already attached / ready to plug in. Amazon snippet says pre-soldered and gives the BME280 voltage range.,amazon_catalog.md; boards_cameras_connectivity.csv; environmental_sensors.csv; power_prototyping_connectors.csv,amazon_catalog.md; boards_cameras_connectivity.csv; environmental_sensors.csv; power_prototyping_connectors.csv,,,first,expansion_visual_batch_4.csv,1,candidate_by_asin,first-loop PASS
Amazon,sensor,SHT31-D Temperature/Humidity Sensor Board with header pins,SHT31-D Temperature/Humidity Sensor Board with header pins,"SHT31-D Temperature/Humidity Sensor Board, Flipper Compatible, breakout board includes pre-soldered pullup resistors, capacitors, and header pins",hiBCTR,,,B0FDLDSHNR,https://www.amazon.com/dp/B0FDLDSHNR,,,,,PASS,PASS,2026-08-21,yes,,Amazon page text states the breakout includes pre-soldered header pins.,Snippet says breakout board includes pre-soldered pullup resistors and header pins.,boards_cameras_connectivity.csv,boards_cameras_connectivity.csv,,,first,expansion_visual_batch_4.csv,4,candidate_by_asin,first-loop PASS
Amazon,sensor,Waveshare L76K GNSS Module,Waveshare L76K GNSS Module,Waveshare L76K GNSS Module,,,,B0FJLXZ3J9,https://www.amazon.com/dp/B0FJLXZ3J9,,,,,PASS,PASS,2026-08-21,yes,,Product image shows the breakout with soldered header pins visible on the board edge.,Search snippet says Pre-Soldered Header; page title and bullets identify the L76K GNSS module.,distance_motion_position.csv,distance_motion_position.csv,,,first,expansion_visual_batch_4.csv,5,candidate_by_asin,first-loop PASS
Amazon,storage,ESP32-S3 Mini Development Board with Pre-Soldered Header,ESP32-S3 Mini Development Board with Pre-Soldered Header,"ESP32-S3 Mini Development Board with Pre-Soldered Header, Based on ESP32-S3FH4R2 Dual-Core Processor, 240MHz Running Frequency, 2.4GHz Wi-Fi & Bluetooth 5, Onboard 4MB Flash Memory",Amazon / generic,,,B0CHSGBG73,https://www.amazon.com/dp/B0CHSGBG73,,,,,PASS,PASS,2026-08-21,yes,,Amazon listing snippet identifies the pre-soldered header variant.,Title explicitly says Pre-Soldered Header.,boards_cameras_connectivity.csv,boards_cameras_connectivity.csv,,,first,expansion_visual_batch_4.csv,10,candidate_by_asin,first-loop PASS
Amazon,storage,3PCS ESP32-S3 Mini Development Board with Pre-Soldered Header,3PCS ESP32-S3 Mini Development Board with Pre-Soldered Header,"3PCS ESP32-S3 Mini Development Board with Pre-Soldered Header, Based on ESP32-S3FH4R2 Processor, 240MHz Running Frequency, Support 2.4GHz Wi-Fi & Bluetooth 5, Onboard 4MB Flash Memory",Amazon / generic,,,B0D2CY4Y5H,https://www.amazon.com/dp/B0D2CY4Y5H,,,,,PASS,PASS,2026-08-21,yes,,Amazon listing snippet identifies the exact pre-soldered header variant.,Title explicitly says Pre-Soldered Header.,boards_cameras_connectivity.csv,boards_cameras_connectivity.csv,,,first,expansion_visual_batch_4.csv,7,candidate_by_asin,first-loop PASS
Amazon,storage,yes,Pre-Soldered ESP32 LoRa V4 Dev Board Upgraded ESP32-S3 SX1262 ESP 32 LoRa Module WiFi Bluetooth 2MB PSRAM 16MB Flash Support GPS Solar with Antenna for Arduino Meshtastic LoRaWAN IOT,Pre-Soldered ESP32 LoRa V4 Dev Board Upgraded ESP32-S3 SX1262 ESP 32 LoRa Module WiFi Bluetooth 2MB PSRAM 16MB Flash Support GPS Solar with Antenna for Arduino Meshtastic LoRaWAN IOT,Meshnology,,,B0GQ3L822F,https://www.amazon.com/dp/B0GQ3L822F,,,,,PASS,PASS,2026-08-21,yes,,Product screenshot clearly shows the board edge with the male header pins protruding and soldered.,Pre-Soldered variant on the product page.,storage_time_comms_bus.csv,storage_time_comms_bus.csv,,,first,expansion_visual_batch_4.csv,13,candidate_by_asin,first-loop PASS
Amazon,storage,"ESP32-S3 CAM Dev Kit, exact pre-soldered header variant","ESP32-S3 CAM Dev Kit, exact pre-soldered header variant","ESP32-S3 CAM Dev Kit, 8MB PSRAM + 8MB Flash, Integrated USB-C Uploader, Onboard Antenna, OV3660, WiFi+Bluetooth AI Camera Module, ESP32 S3 Camera Pre-soldered with Header",Amazon / generic,,,B0GSYZTJGX,https://www.amazon.com/dp/B0GSYZTJGX,,,,,PASS,PASS,2026-08-21,yes,,Landing image clearly shows soldered male header pins along the edge. Hero image shows the camera board with the male header pins visible along the lower edge.,Title says ESP32 S3 Camera Pre-Soldered with Header. Bullets mention OV3660 and USB-C uploader.,boards_cameras_connectivity.csv; distance_motion_position.csv; power_prototyping_connectors.csv,boards_cameras_connectivity.csv; distance_motion_position.csv; power_prototyping_connectors.csv,,,first,expansion_visual_batch_4.csv,9,candidate_by_asin,first-loop PASS
Amazon,time,visual_PASS_factory_presoldered_male_pins_verified,visual_PASS_factory_presoldered_male_pins_verified,DS3231 AT24C32 IIC RTC Module Clock Timer Memory Module Beats Replace DS1307 I2C RTC Board (Batteries not Included) + 20 PCS Male to Female Jumper Wire Cable,Dorhea,,,B07Q7NZTQS,https://www.amazon.com/dp/B07Q7NZTQS,,,,,PASS,PASS,2026-08-21,yes,,Shared audit note marks the row visual PASS and the related module image shows the header pins installed.,Calendar/RTC module is pre-soldered; batteries not included.,storage_time_comms_bus.csv,storage_time_comms_bus.csv,,,first,expansion_visual_batch_4.csv,14,candidate_by_asin,first-loop PASS
Amazon,board,low_side_mosfet_switch,"2PCS 3V 5V Low Voltage Control High Voltage 12V 24V 36V Switch Mosfet Module,MOSFET Switching Module for Arduino Connect IO MCU PWM Control Motor Speed 22A","2PCS 3V 5V Low Voltage Control High Voltage 12V 24V 36V Switch Mosfet Module,MOSFET Switching Module for Arduino Connect IO MCU PWM Control Motor Speed 22A",GODIYMODULES,$9.88,,B0F6K4LX6Y,https://www.amazon.com/Voltage-Control-Switching-Arduino-Connect/dp/B0F6K4LX6Y,"Low-voltage control side; load side is for external circuits only, not ESP32 power.",,second-loop visual_PASS row,,visual_PASS,visual_PASS,,yes,"2PCS 3V 5V Low Voltage Control High Voltage 12V 24V 36V Switch Mosfet Module,MOSFET Switching Module for Arduino Connect IO MCU PWM Control Motor Speed 22A",Hero image shows the MOSFET board with the header pins already soldered into the module.,"Amazon search result text includes ""(Pre-Soldered)"".",second_loop_gap_queue.md; live_chrome_inspection,,,,second,second_loop_gaps_9_15.csv,4,source_row_only,second-loop visual_PASS
Amazon,input,sound_sensor,"SHILLEHTEK KY-037 Sound Sensor Module with Analog for Raspberry Pi, Arduino, ESP32, and DIY Projects | High Sensitivity Sound Microphone Sensor Detection Module","SHILLEHTEK KY-037 Sound Sensor Module with Analog for Raspberry Pi, Arduino, ESP32, and DIY Projects | High Sensitivity Sound Microphone Sensor Detection Module",ST SHILLEHTEK,$6.49,,B0CN583K69,https://www.amazon.com/SHILLEHTEK-Raspberry-Sensitivity-Microphone-Detection/dp/B0CN583K69,Analog sound sensor; ESP32-safe if used as a 3.3V-level input and not for overvoltage.,,second-loop visual_PASS row,,visual_PASS,visual_PASS,,yes,"SHILLEHTEK KY-037 Sound Sensor Module with Analog for Raspberry Pi, Arduino, ESP32, and DIY Projects | High Sensitivity Sound Microphone Sensor Detection Module",Hero image shows the module with a visibly soldered male header row on the board.,Amazon page copy states the product is pre-soldered and the brand text calls out pre-soldered sensors.,second_loop_gap_queue.md; live_chrome_inspection,,,,second,second_loop_gaps_9_15.csv,1,source_row_only,second-loop visual_PASS
Amazon,input,i2s_microphone,Omnidirectional Microphone Module with Pre Soldered Pins for Quick Installation Conference Microphone Module,Omnidirectional Microphone Module with Pre Soldered Pins for Quick Installation Conference Microphone Module,Zkbszn,$8.29,,B0H4SFMVW1,https://www.amazon.com/Omnidirectional-Microphone-Soldered-Installation-Conference/dp/B0H4SFMVW1,Digital I2S microphone; 1.8V-3.3V class,,second-loop visual_PASS row,,visual_PASS,visual_PASS,,yes,Selected variant: welding needle / pre-soldered pins,Hero image shows the microphone module with the pins already attached and the selected variant is the soldered-pin version.,"Listing snippet states ""pre soldered pins"" and the selected variant explicitly indicates soldered pins.",second_loop_gap_queue.md; live_chrome_inspection,,,,second,second_loop_gaps_9_15.csv,2,source_row_only,second-loop visual_PASS
Amazon,sensor,mcp23017_i2c_io_expander,"MCP23017 I2C GPIO Expander Module, 16 Channel Port Expansion Board, 3.3V/5V Logic, DIP Address Switch, PH2.0 Interface for Raspberry Pi Arduino STM32","MCP23017 I2C GPIO Expander Module, 16 Channel Port Expansion Board, 3.3V/5V Logic, DIP Address Switch, PH2.0 Interface for Raspberry Pi Arduino STM32",xicoolee,$12.45,,B0BTRMT7NP,https://www.amazon.com/clp/B0BTRMT7NP,3.3V/5V logic; I2C GPIO expander for ESP32 use,,second-loop visual_PASS row,,visual_PASS,visual_PASS,,yes,"1pcs MCP23017 I2C GPIO Expander Module, 16 Channel Port Expansion Board, 3.3V/5V Logic, DIP Address Switch, PH2.0 Interface for Raspberry Pi Arduino STM32",Hero image shows the expander board with male headers visibly installed.,Amazon search snippet explicitly says pre-soldered header / pre-soldered for Raspberry Pi and other boards.,second_loop_gap_queue.md; live_chrome_inspection,,,,second,second_loop_gaps_9_15.csv,3,source_row_only,second-loop visual_PASS
Amazon,sensor,BH1750 ambient light sensor module,"SHILLEHTEK GY-302 BH1750 Pre-Soldered Light Intensity I2C IIC Module for Raspberry Pi, Arduino, ESP32, and Other Microcontrollers - High Accuracy Lux Measurement","SHILLEHTEK GY-302 BH1750 Pre-Soldered Light Intensity I2C IIC Module for Raspberry Pi, Arduino, ESP32, and Other Microcontrollers - High Accuracy Lux Measurement",ShillehTek,$7.49,,B0CN55S7Z9,https://www.amazon.com/dp/B0CN55S7Z9,I2C; low-power ambient light breakout,,second-loop visual_PASS row,,visual_PASS,visual_PASS,2026-08-21,yes,Pre-Soldered,Hero image shows the module with soldered male header pins clearly visible.,Title says Pre-Soldered; bullet text says the module arrives with pre-soldered pins and is ready to use.,second_loop_gap_queue.md; Amazon product page screenshot,,,,second,second_loop_gaps_1_8.csv,1,source_row_only,second-loop visual_PASS
Amazon,sensor,Hall effect sensor module,6Pcs Hall Effect Magnetic Sensor Module A3144 Hall Effect Sensor for Arduino PIC AVR Smart Cars DC 5V,6Pcs Hall Effect Magnetic Sensor Module A3144 Hall Effect Sensor for Arduino PIC AVR Smart Cars DC 5V,GODIYMODULES,$5.88,,B0FB8P22H4,https://www.amazon.com/dp/B0FB8P22H4,5V supply; digital open-collector output,,second-loop visual_PASS row,,visual_PASS,visual_PASS,2026-08-21,yes,6pcs,Hero image shows the magnetic sensor modules with soldered male header pins visible.,"Page text shows 5V supply, digital output, and an open-collector output stage circuit.",second_loop_gap_queue.md; Amazon product page screenshot,,,,second,second_loop_gaps_1_8.csv,3,source_row_only,second-loop visual_PASS
Amazon,sensor,Reed switch module,2Pcs Reed Sensor Module Reed Switch Magnetic Switch for Arduino,2Pcs Reed Sensor Module Reed Switch Magnetic Switch for Arduino,GODIYMODULES,$5.99,,B0FR4CNLPX,https://www.amazon.com/dp/B0FR4CNLPX,3.3V-5V; digital switching output,,second-loop visual_PASS row,,visual_PASS,visual_PASS,2026-08-21,yes,2pcs,Hero image shows the reed module with the male header pins soldered into the board.,Page text says operating voltage is 3.3V-5V and output type is digital switching output (0 and 1).,second_loop_gap_queue.md; Amazon product page screenshot,,,,second,second_loop_gaps_1_8.csv,4,source_row_only,second-loop visual_PASS
Amazon,sensor,VL53L1X ToF distance sensor module,"Vl53l1x Tof Distance Sensor Module, 0.98 Inch PCB Ranging Sensor with Optical Cover, Pin Header and Gold Plated Mounting Holes for Smart Home, Robot, Human Detection","Vl53l1x Tof Distance Sensor Module, 0.98 Inch PCB Ranging Sensor with Optical Cover, Pin Header and Gold Plated Mounting Holes for Smart Home, Robot, Human Detection",KRYTJACZ,$8.09,,B0GZP9DQJ5,https://www.amazon.com/dp/B0GZP9DQJ5,I2C; 3.3V-5V,,second-loop visual_PASS row,,visual_PASS,visual_PASS,2026-08-21,yes,Soldered pin,Hero image shows the breakout with soldered male pins visible along the edge.,Page text says pin header included and lists package options including soldered pin; voltage line shows 3.3V-5V.,second_loop_gap_queue.md; Amazon product page screenshot,,,,second,second_loop_gaps_1_8.csv,2,source_row_only,second-loop visual_PASS
Amazon,connector,dupont_2p_female_to_female,"ZYAMY 10PCS 2P 2.54mm Female-to-Female Dupont Cable, 20cm","ZYAMY 10PCS 2P Line 2 Pins 2.54mm Pitch Female to Female Cable Connector Multicolor Jumper Wire for Breadboard 20CM",ZYAMY,$5.99,10,B0B8Z23NWX,https://www.amazon.com/dp/B0B8Z23NWX?th=1,"2.54mm Dupont signal/power jumper; no voltage conversion.","20cm factory-terminated cable; verify pin order and polarity before power-up; respect wire current limits.","Connects an ESP32 male header directly to a sensor/module male header without soldering or crimping.",connector_exception_no_user_soldering_or_crimping,visual_PASS,visual_PASS_presoldered_equivalent_factory_terminated_connector_exception,2026-08-24,exception_factory_crimped_assembled,"2P / Female-to-Female / 20cm / 10-pack",Product image clearly shows black two-position female housings factory attached to both ends of each two-wire cable.,Listing title and bullets specify 2P female-to-female 2.54mm cable; both ends were visually inspected.,live_chrome_inspection_2026-08-24,live_amazon_visual_2026-08-24,high,,gap-fill,live_amazon,,exact_live_listing,"User-authorized cable exception: complete factory-crimped and housed cable requires no soldering; Amazon marks this listing as frequently returned."
AliExpress,connector,dupont_2p_female_to_female,"SZYTF 2P Female-to-Female Dupont Cable, 70cm","Cable Jumpers 2P Female DuPont Line 70CM 2Pin3P 4Pin Male to Female Female to Female",SZYTF / YTF Technology (Trader),$0.91,1,,https://www.aliexpress.us/item/2251832854759672.html,"2.54mm Dupont signal/power jumper; no voltage conversion.","70cm factory-terminated cable; verify pin order and polarity before power-up; respect wire current limits.","Connects an ESP32 male header directly to a sensor/module male header without soldering or crimping.",connector_exception_no_user_soldering_or_crimping,visual_PASS,visual_PASS_presoldered_equivalent_factory_terminated_connector_exception,2026-08-24,exception_factory_crimped_assembled,"Size: 2P / Color: Female to Female / 70cm",Selected 2P female-to-female variant visibly shows black two-position female housings factory attached at both ends.,Live listing variant controls showed Size 2P and Color Female to Female; product image matched the selected variant.,live_chrome_inspection_2026-08-24,live_aliexpress_visual_2026-08-24,high,,gap-fill,live_aliexpress,,exact_live_listing,"User-authorized cable exception: complete factory-crimped and housed cable requires no soldering; price is the observed live exact-variant price and may change."
AliExpress,connector,dupont_2p_female_to_male,"SZYTF 2P Female-to-Male Dupont Cable, 70cm","Cable Jumpers 2P Female DuPont Line 70CM 2Pin3P 4Pin Male to Female Female to Female",SZYTF / YTF Technology (Trader),$0.93,1,,https://www.aliexpress.us/item/2251832854759672.html,"2.54mm Dupont signal/power jumper; no voltage conversion.","70cm factory-terminated cable; verify pin order and polarity before power-up; respect wire current limits.","Connects a male-header module to a female Dupont/header socket without soldering or crimping.",connector_exception_no_user_soldering_or_crimping,visual_PASS,visual_PASS_presoldered_equivalent_factory_terminated_connector_exception,2026-08-24,exception_factory_crimped_assembled,"Size: 2P / Color: Female to Male / 70cm",Selected 2P female-to-male variant visibly shows a black two-position female housing and a factory-terminated two-pin male end.,Live listing variant controls showed Size 2P and Color Female to Male; product image matched the selected variant.,live_chrome_inspection_2026-08-24,live_aliexpress_visual_2026-08-24,high,,gap-fill,live_aliexpress,,exact_live_listing,"User-authorized cable exception: complete factory-crimped and housed cable requires no soldering; price is the observed live exact-variant price and may change."
Amazon,actuator,continuous_rotation_micro_servo_with_wheels,"Feetech FS90R 360-degree continuous-rotation micro servos with wheels, 2-pack","FS90R Micro Continuous Rotation Servo Analog Motor 360 Degree + RC Tire Wheel for Arduino Microbit Smart Car Robot (Pack of 2)",Feetech / DIYmalls,$14.89,2,B086ZGTLZB,https://www.amazon.com/dp/B086ZGTLZB,"4.8-6V servo power; 3.3V PWM control signal normally accepted; common ground required.","Use a separate regulated 4.8-6V supply sized for startup/stall current; never power the servos from an ESP32 GPIO or 3.3V pin.","Compact continuous-rotation wheel drive for small two-wheel car and robot builds; includes two press-fit wheels.",external_servo_power_required,visual_PASS,visual_PASS_presoldered_equivalent_factory_attached_servo_lead,2026-08-24,not_applicable_factory_attached_3pin_female_servo_plug,"2x FS90R continuous-rotation servos + 2x FS90R wheels",Product image clearly shows two FS90R servos with factory-attached three-wire leads and black three-position female servo housings plus two wheels.,Live listing specifies 360-degree continuous rotation; 110RPM at 4.8V and 130RPM at 6V; connector assemblies were visually inspected.,live_chrome_inspection_2026-08-24,live_amazon_visual_2026-08-24,high,,gap-fill,live_amazon,,exact_live_listing,"This is FS90R continuous rotation rather than positional SG90; factory lead requires no soldering, but external servo power is mandatory."
AliExpress,actuator,continuous_rotation_micro_servo,"Feetech FS90R 360-degree continuous-rotation micro servo, 1-piece","Feetech Mini FS90R Micro Servo 360 Degree Continuous Rotation RC Servo Motor 9g for Arduino Robotic Helicopter Airplane Boat DIY",Feetech / stemedu Official Store (Trader),$4.85,1,,https://www.aliexpress.us/item/3256807557711270.html,"4.8-6V servo power; 3.3V PWM control signal normally accepted; common ground required.","Use a separate regulated 4.8-6V supply sized for startup/stall current; never power the servo from an ESP32 GPIO or 3.3V pin.","Compact continuous-rotation drive for a small wheel or mechanism; wheel is not included.",external_servo_power_required,visual_PASS,visual_PASS_presoldered_equivalent_factory_attached_servo_lead,2026-08-24,not_applicable_factory_attached_3pin_female_servo_plug,"Color: 1PCS / Model: FS90R / 360-degree continuous rotation",A secondary product image clearly shows the orange-brown factory-attached lead and black three-position female servo connector housing.,Live listing identifies model FS90R and body size 23.2x12.5x22mm; selected 1PCS variant and connector were visually inspected.,live_chrome_inspection_2026-08-24,live_aliexpress_visual_2026-08-24,high,,gap-fill,live_aliexpress,,exact_live_listing,"This is FS90R continuous rotation rather than positional SG90; factory lead requires no soldering, wheel not included, and external servo power is mandatory."
Amazon,sensor,capacitive_soil_moisture,"DIYables TLC555I Capacitive Soil Moisture Sensor with factory connector, 2-pack","Capacitive Soil Moisture Sensor, TLC555I Chip, for Arduino, ESP32, ESP8266, Raspberry Pi, 2 Pieces",DIYables,$6.99,2,B0DYDN9RG4,https://www.amazon.com/dp/B0DYDN9RG4,"3.3V-5V supply; analog output; about 5mA per official DIYables specification.","Keep the component-bearing head above the soil line; calibrate dry and wet values for the actual soil; ESP32 ADC should use appropriate attenuation.","Compact corrosion-resistant capacitive soil sensing with a board-soldered three-pin shrouded connector and a supplied factory-terminated lead ending in a three-position female Dupont-style housing.",none,visual_PASS,visual_PASS_presoldered_equivalent_factory_soldered_shrouded_connector,2026-08-26,exception_factory_crimped_assembled,"2 sensors / TLC555I / white 3-pin board connector and terminated cable",Amazon main and secondary listing images clearly show the white three-pin shrouded connector already soldered to each sensor board and the supplied three-wire factory-terminated cable.,"Direct Amazon inspection confirmed ASIN B0DYDN9RG4; the board connector is soldered and the controller end is a black three-position female Dupont-style housing.",live_chrome_inspection_2026-08-26,live_amazon_visual_2026-08-26,high,,soil-sensor-gap-fill,live_amazon,,exact_live_listing,"Official DIYables documentation reports 3.3V-5.5V, analog output, 5mA, approximately 98mm length and 23mm width; observed Amazon price may change."
AliExpress,sensor,capacitive_soil_moisture_gravity_candidate,"Capacitive Soil Moisture Sensor with Gravity connector candidate","Capacitive Soil Moisture Sensor Module Not Easy to Corrode Wide Voltage Wire 3.3~5.5V Corrosion Resistant W/ Gravity for Arduino",AliExpress marketplace seller,$1.63,1,,https://www.aliexpress.com/item/32892951369.html,"3.3V-5.5V supply; analog output according to indexed listing metadata.","Candidate only until the exact live variant and board-soldered connector can be inspected directly.","Potential factory-terminated Gravity-style connector option; retained for sourcing follow-up but excluded from generation until direct visual verification.",unverified_marketplace_candidate,search_result_only,search_result_connector_variant_unverified,2026-08-26,no,"Indexed W/ Gravity result; exact variant not directly inspected","Google's indexed AliExpress result showed the W/ Gravity listing and product thumbnail, but direct AliExpress navigation was blocked by browser security policy.","No direct product-page visual verification; do not treat this as confirmed connector-ready or model-selectable.",google_indexed_aliexpress_result_2026-08-26,not_directly_verified,low,,soil-sensor-gap-fill,google_search,,candidate_only,"Retained as a link for user review; not loaded into the production planner until direct variant verification passes."
